EmployeeID,Employee Name,Address,Mobile Number,Country,Profession
1100,employee1100,Address-1100,3897439130,INDIA,Developer
1101,employee1101,Address-1101,9639532722,INDIA,Tester
1102,employee1102,Address-1102,2798237368,INDIA,Doctor
1103,employee1103,Address-1103,8499827447,INDIA,Scientist
1104,employee1104,Address-1104,5440043551,INDIA,Teacher
1105,employee1105,Address-1105,4352846395,INDIA,Lawyer
1106,employee1106,Address-1106,6870431624,INDIA,Developer
1107,employee1107,Address-1107,2051495387,INDIA,Tester
1108,employee1108,Address-1108,4700772804,INDIA,Doctor
1109,employee1109,Address-1109,4461135515,INDIA,Scientist
1110,employee1110,Address-1110,4157636036,INDIA,Teacher
1111,employee1111,Address-1111,9540980812,INDIA,Lawyer
1112,employee1112,Address-1112,4633550425,INDIA,Developer
1113,employee1113,Address-1113,1091904027,INDIA,Tester
1114,employee1114,Address-1114,3952811219,INDIA,Doctor
1115,employee1115,Address-1115,8549142920,INDIA,Scientist
1116,employee1116,Address-1116,1675383839,INDIA,Teacher
1117,employee1117,Address-1117,9887866522,INDIA,Lawyer
1118,employee1118,Address-1118,8828380611,INDIA,Developer
1119,employee1119,Address-1119,7321744807,INDIA,Tester
1120,employee1120,Address-1120,1277933521,INDIA,Doctor
1121,employee1121,Address-1121,7889796095,INDIA,Scientist
1122,employee1122,Address-1122,7394420229,INDIA,Teacher
1123,employee1123,Address-1123,9808482433,INDIA,Lawyer
1124,employee1124,Address-1124,1535877363,INDIA,Developer
1125,employee1125,Address-1125,8498834325,INDIA,Tester
1126,employee1126,Address-1126,8782761288,INDIA,Doctor
1127,employee1127,Address-1127,5907717958,INDIA,Scientist
1128,employee1128,Address-1128,6243114987,INDIA,Teacher
1129,employee1129,Address-1129,3807763541,INDIA,Lawyer
1130,employee1130,Address-1130,8583726932,INDIA,Developer
1131,employee1131,Address-1131,6418275431,INDIA,Tester
1132,employee1132,Address-1132,4317732278,INDIA,Doctor
1133,employee1133,Address-1133,4780764575,INDIA,Scientist
1134,employee1134,Address-1134,4306260062,INDIA,Teacher
1135,employee1135,Address-1135,2721621784,INDIA,Lawyer
1136,employee1136,Address-1136,9288682787,INDIA,Developer
1137,employee1137,Address-1137,5298505548,INDIA,Tester
1138,employee1138,Address-1138,6856346883,INDIA,Doctor
1139,employee1139,Address-1139,4205339070,INDIA,Scientist
1140,employee1140,Address-1140,6787134377,INDIA,Teacher
1141,employee1141,Address-1141,6442588390,INDIA,Lawyer
1142,employee1142,Address-1142,6053302005,INDIA,Developer
1143,employee1143,Address-1143,7614488113,INDIA,Tester
1144,employee1144,Address-1144,7098810357,INDIA,Doctor
1145,employee1145,Address-1145,1147095998,INDIA,Scientist
1146,employee1146,Address-1146,5575088434,INDIA,Teacher
1147,employee1147,Address-1147,3999315356,INDIA,Lawyer
1148,employee1148,Address-1148,5397032343,INDIA,Developer
1149,employee1149,Address-1149,2194279242,INDIA,Tester
1150,employee1150,Address-1150,6318790631,INDIA,Doctor
1151,employee1151,Address-1151,3324008715,INDIA,Scientist
1152,employee1152,Address-1152,3323456605,INDIA,Teacher
1153,employee1153,Address-1153,9863785451,INDIA,Lawyer
1154,employee1154,Address-1154,9757491194,INDIA,Developer
1155,employee1155,Address-1155,2753096558,INDIA,Tester
1156,employee1156,Address-1156,6233572695,INDIA,Doctor
1157,employee1157,Address-1157,9545412436,INDIA,Scientist
1158,employee1158,Address-1158,5988019485,INDIA,Teacher
1159,employee1159,Address-1159,4450632161,INDIA,Lawyer
1160,employee1160,Address-1160,4091736897,INDIA,Developer
1161,employee1161,Address-1161,5567791474,INDIA,Tester
1162,employee1162,Address-1162,9466411757,INDIA,Doctor
1163,employee1163,Address-1163,8500553773,INDIA,Scientist
1164,employee1164,Address-1164,9381151371,INDIA,Teacher
1165,employee1165,Address-1165,4881672317,INDIA,Lawyer
1166,employee1166,Address-1166,9806118621,INDIA,Developer
1167,employee1167,Address-1167,8127073230,INDIA,Tester
1168,employee1168,Address-1168,5497941318,INDIA,Doctor
1169,employee1169,Address-1169,2758373802,INDIA,Scientist
1170,employee1170,Address-1170,2100245256,INDIA,Teacher
1171,employee1171,Address-1171,5505649535,INDIA,Lawyer
1172,employee1172,Address-1172,6980813004,INDIA,Developer
1173,employee1173,Address-1173,7472466454,INDIA,Tester
1174,employee1174,Address-1174,7114542716,INDIA,Doctor
1175,employee1175,Address-1175,2297108406,INDIA,Scientist
1176,employee1176,Address-1176,2501021394,INDIA,Teacher
1177,employee1177,Address-1177,2698352242,INDIA,Lawyer
1178,employee1178,Address-1178,9964445884,INDIA,Developer
1179,employee1179,Address-1179,9176147839,INDIA,Tester
1180,employee1180,Address-1180,9511742608,INDIA,Doctor
1181,employee1181,Address-1181,6419421002,INDIA,Scientist
1182,employee1182,Address-1182,6110589942,INDIA,Teacher
1183,employee1183,Address-1183,8085032110,INDIA,Lawyer
1184,employee1184,Address-1184,9276324024,INDIA,Developer
1185,employee1185,Address-1185,7852425931,INDIA,Tester
1186,employee1186,Address-1186,1091178640,INDIA,Doctor
1187,employee1187,Address-1187,7299834465,INDIA,Scientist
1188,employee1188,Address-1188,7307181851,INDIA,Teacher
1189,employee1189,Address-1189,6670749192,INDIA,Lawyer
1190,employee1190,Address-1190,2750687714,INDIA,Developer
1191,employee1191,Address-1191,9702223259,INDIA,Tester
1192,employee1192,Address-1192,2234588667,INDIA,Doctor
1193,employee1193,Address-1193,7882040047,INDIA,Scientist
1194,employee1194,Address-1194,1820650918,INDIA,Teacher
1195,employee1195,Address-1195,2484474970,INDIA,Lawyer
1196,employee1196,Address-1196,9797197279,INDIA,Developer
1197,employee1197,Address-1197,6583285021,INDIA,Tester
1198,employee1198,Address-1198,2234368441,INDIA,Doctor
1199,employee1199,Address-1199,9349982300,INDIA,Scientist
1200,employee1200,Address-1200,8887721577,INDIA,Teacher
1201,employee1201,Address-1201,1500279050,INDIA,Lawyer
1202,employee1202,Address-1202,8562408976,INDIA,Developer
1203,employee1203,Address-1203,1675057441,INDIA,Tester
1204,employee1204,Address-1204,3560607969,INDIA,Doctor
1205,employee1205,Address-1205,8369863830,INDIA,Scientist
1206,employee1206,Address-1206,2507852074,INDIA,Teacher
1207,employee1207,Address-1207,5424788667,INDIA,Lawyer
1208,employee1208,Address-1208,2105528669,INDIA,Developer
1209,employee1209,Address-1209,3661957669,INDIA,Tester
1210,employee1210,Address-1210,2903587442,INDIA,Doctor
1211,employee1211,Address-1211,5353930594,INDIA,Scientist
1212,employee1212,Address-1212,1577087570,INDIA,Teacher
1213,employee1213,Address-1213,2444140254,INDIA,Lawyer
1214,employee1214,Address-1214,4133125639,INDIA,Developer
1215,employee1215,Address-1215,6680911283,INDIA,Tester
1216,employee1216,Address-1216,3351570357,INDIA,Doctor
1217,employee1217,Address-1217,1535651859,INDIA,Scientist
1218,employee1218,Address-1218,9146114348,INDIA,Teacher
1219,employee1219,Address-1219,3602275587,INDIA,Lawyer
1220,employee1220,Address-1220,5259025037,INDIA,Developer
1221,employee1221,Address-1221,9612169462,INDIA,Tester
1222,employee1222,Address-1222,2145477164,INDIA,Doctor
1223,employee1223,Address-1223,1514496798,INDIA,Scientist
1224,employee1224,Address-1224,9170877444,INDIA,Teacher
1225,employee1225,Address-1225,5541353946,INDIA,Lawyer
1226,employee1226,Address-1226,2305732955,INDIA,Developer
1227,employee1227,Address-1227,7638389756,INDIA,Tester
1228,employee1228,Address-1228,6584823962,INDIA,Doctor
1229,employee1229,Address-1229,2622521239,INDIA,Scientist
1230,employee1230,Address-1230,6098033542,INDIA,Teacher
1231,employee1231,Address-1231,5548926983,INDIA,Lawyer
1232,employee1232,Address-1232,9850512397,INDIA,Developer
1233,employee1233,Address-1233,7148836774,INDIA,Tester
1234,employee1234,Address-1234,5644657330,INDIA,Doctor
1235,employee1235,Address-1235,6141017827,INDIA,Scientist
1236,employee1236,Address-1236,4868112868,INDIA,Teacher
1237,employee1237,Address-1237,8806601949,INDIA,Lawyer
1238,employee1238,Address-1238,5291979764,INDIA,Developer
1239,employee1239,Address-1239,4478397793,INDIA,Tester
1240,employee1240,Address-1240,1675378023,INDIA,Doctor
1241,employee1241,Address-1241,3450900794,INDIA,Scientist
1242,employee1242,Address-1242,3018083226,INDIA,Teacher
1243,employee1243,Address-1243,5461577274,INDIA,Lawyer
1244,employee1244,Address-1244,5387218984,INDIA,Developer
1245,employee1245,Address-1245,4515237345,INDIA,Tester
1246,employee1246,Address-1246,6734983445,INDIA,Doctor
1247,employee1247,Address-1247,5752584991,INDIA,Scientist
1248,employee1248,Address-1248,1415937645,INDIA,Teacher
1249,employee1249,Address-1249,7558462779,INDIA,Lawyer
1250,employee1250,Address-1250,7030235220,INDIA,Developer
1251,employee1251,Address-1251,5856110406,INDIA,Tester
1252,employee1252,Address-1252,7934411697,INDIA,Doctor
1253,employee1253,Address-1253,1909300932,INDIA,Scientist
1254,employee1254,Address-1254,7010435846,INDIA,Teacher
1255,employee1255,Address-1255,1630628694,INDIA,Lawyer
1256,employee1256,Address-1256,2605441698,INDIA,Developer
1257,employee1257,Address-1257,1992107195,INDIA,Tester
1258,employee1258,Address-1258,9960761808,INDIA,Doctor
1259,employee1259,Address-1259,5996378076,INDIA,Scientist
1260,employee1260,Address-1260,2340611540,INDIA,Teacher
1261,employee1261,Address-1261,7848093056,INDIA,Lawyer
1262,employee1262,Address-1262,2012742018,INDIA,Developer
1263,employee1263,Address-1263,8297726021,INDIA,Tester
1264,employee1264,Address-1264,4125325926,INDIA,Doctor
1265,employee1265,Address-1265,7007252259,INDIA,Scientist
1266,employee1266,Address-1266,6451422235,INDIA,Teacher
1267,employee1267,Address-1267,2594779067,INDIA,Lawyer
1268,employee1268,Address-1268,3936888553,INDIA,Developer
1269,employee1269,Address-1269,1737209633,INDIA,Tester
1270,employee1270,Address-1270,1093873466,INDIA,Doctor
1271,employee1271,Address-1271,1258358936,INDIA,Scientist
1272,employee1272,Address-1272,7295886717,INDIA,Teacher
1273,employee1273,Address-1273,5599287445,INDIA,Lawyer
1274,employee1274,Address-1274,3241210699,INDIA,Developer
1275,employee1275,Address-1275,2047034328,INDIA,Tester
1276,employee1276,Address-1276,3115688573,INDIA,Doctor
1277,employee1277,Address-1277,6120416833,INDIA,Scientist
1278,employee1278,Address-1278,1287057452,INDIA,Teacher
1279,employee1279,Address-1279,8307624211,INDIA,Lawyer
1280,employee1280,Address-1280,3047324375,INDIA,Developer
1281,employee1281,Address-1281,4827744613,INDIA,Tester
1282,employee1282,Address-1282,2725008011,INDIA,Doctor
1283,employee1283,Address-1283,5716025448,INDIA,Scientist
1284,employee1284,Address-1284,5685477284,INDIA,Teacher
1285,employee1285,Address-1285,6903796272,INDIA,Lawyer
1286,employee1286,Address-1286,5534169861,INDIA,Developer
1287,employee1287,Address-1287,9059913836,INDIA,Tester
1288,employee1288,Address-1288,2768553572,INDIA,Doctor
1289,employee1289,Address-1289,2624943361,INDIA,Scientist
1290,employee1290,Address-1290,2767753439,INDIA,Teacher
1291,employee1291,Address-1291,6641814677,INDIA,Lawyer
1292,employee1292,Address-1292,5846456056,INDIA,Developer
1293,employee1293,Address-1293,8974429275,INDIA,Tester
1294,employee1294,Address-1294,5466219909,INDIA,Doctor
1295,employee1295,Address-1295,2183537528,INDIA,Scientist
1296,employee1296,Address-1296,5672603698,INDIA,Teacher
1297,employee1297,Address-1297,9280485682,INDIA,Lawyer
1298,employee1298,Address-1298,1795708010,INDIA,Developer
1299,employee1299,Address-1299,2408980504,INDIA,Tester
1300,employee1300,Address-1300,7574729325,INDIA,Doctor
1301,employee1301,Address-1301,8042314145,INDIA,Scientist
1302,employee1302,Address-1302,9145811637,INDIA,Teacher
1303,employee1303,Address-1303,6232375427,INDIA,Lawyer
1304,employee1304,Address-1304,8837125754,INDIA,Developer
1305,employee1305,Address-1305,4119313059,INDIA,Tester
1306,employee1306,Address-1306,7987351253,INDIA,Doctor
1307,employee1307,Address-1307,7572196916,INDIA,Scientist
1308,employee1308,Address-1308,5250947517,INDIA,Teacher
1309,employee1309,Address-1309,6487356222,INDIA,Lawyer
1310,employee1310,Address-1310,6423884179,INDIA,Developer
1311,employee1311,Address-1311,6400616407,INDIA,Tester
1312,employee1312,Address-1312,4949577630,INDIA,Doctor
1313,employee1313,Address-1313,2983955165,INDIA,Scientist
1314,employee1314,Address-1314,4277558311,INDIA,Teacher
1315,employee1315,Address-1315,3843232757,INDIA,Lawyer
1316,employee1316,Address-1316,3281867385,INDIA,Developer
1317,employee1317,Address-1317,2266937699,INDIA,Tester
1318,employee1318,Address-1318,8116439080,INDIA,Doctor
1319,employee1319,Address-1319,3879067890,INDIA,Scientist
1320,employee1320,Address-1320,6838200985,INDIA,Teacher
1321,employee1321,Address-1321,9936842532,INDIA,Lawyer
1322,employee1322,Address-1322,4166559314,INDIA,Developer
1323,employee1323,Address-1323,9856334565,INDIA,Tester
1324,employee1324,Address-1324,3192544789,INDIA,Doctor
1325,employee1325,Address-1325,7266971164,INDIA,Scientist
1326,employee1326,Address-1326,3649617684,INDIA,Teacher
1327,employee1327,Address-1327,5678714732,INDIA,Lawyer
1328,employee1328,Address-1328,4764060439,INDIA,Developer
1329,employee1329,Address-1329,6564811976,INDIA,Tester
1330,employee1330,Address-1330,2500250284,INDIA,Doctor
1331,employee1331,Address-1331,4986127750,INDIA,Scientist
1332,employee1332,Address-1332,4849476871,INDIA,Teacher
1333,employee1333,Address-1333,4752681502,INDIA,Lawyer
1334,employee1334,Address-1334,1031429478,INDIA,Developer
1335,employee1335,Address-1335,8246420892,INDIA,Tester
1336,employee1336,Address-1336,5077141365,INDIA,Doctor
1337,employee1337,Address-1337,2478312897,INDIA,Scientist
1338,employee1338,Address-1338,8270086902,INDIA,Teacher
1339,employee1339,Address-1339,3179203771,INDIA,Lawyer
1340,employee1340,Address-1340,2645332021,INDIA,Developer
1341,employee1341,Address-1341,6719269684,INDIA,Tester
1342,employee1342,Address-1342,7229881882,INDIA,Doctor
1343,employee1343,Address-1343,1238733875,INDIA,Scientist
1344,employee1344,Address-1344,5911796960,INDIA,Teacher
1345,employee1345,Address-1345,5684355642,INDIA,Lawyer
1346,employee1346,Address-1346,2926766969,INDIA,Developer
1347,employee1347,Address-1347,4270354139,INDIA,Tester
1348,employee1348,Address-1348,9803811377,INDIA,Doctor
1349,employee1349,Address-1349,5541767082,INDIA,Scientist
1350,employee1350,Address-1350,5889814262,INDIA,Teacher
1351,employee1351,Address-1351,3029940758,INDIA,Lawyer
1352,employee1352,Address-1352,3098875475,INDIA,Developer
1353,employee1353,Address-1353,7948140255,INDIA,Tester
1354,employee1354,Address-1354,9283506860,INDIA,Doctor
1355,employee1355,Address-1355,2134013198,INDIA,Scientist
1356,employee1356,Address-1356,2957405820,INDIA,Teacher
1357,employee1357,Address-1357,5825719936,INDIA,Lawyer
1358,employee1358,Address-1358,4100533432,INDIA,Developer
1359,employee1359,Address-1359,7472719863,INDIA,Tester
1360,employee1360,Address-1360,8631381134,INDIA,Doctor
1361,employee1361,Address-1361,4902297195,INDIA,Scientist
1362,employee1362,Address-1362,4722964405,INDIA,Teacher
1363,employee1363,Address-1363,8087716926,INDIA,Lawyer
1364,employee1364,Address-1364,2292355338,INDIA,Developer
1365,employee1365,Address-1365,8708032131,INDIA,Tester
1366,employee1366,Address-1366,3851229109,INDIA,Doctor
1367,employee1367,Address-1367,2519651135,INDIA,Scientist
1368,employee1368,Address-1368,4578840225,INDIA,Teacher
1369,employee1369,Address-1369,7193586723,INDIA,Lawyer
1370,employee1370,Address-1370,4482234817,INDIA,Developer
1371,employee1371,Address-1371,8820646653,INDIA,Tester
1372,employee1372,Address-1372,9478222286,INDIA,Doctor
1373,employee1373,Address-1373,1815554451,INDIA,Scientist
1374,employee1374,Address-1374,5217765221,INDIA,Teacher
1375,employee1375,Address-1375,8220060269,INDIA,Lawyer
1376,employee1376,Address-1376,9922800956,INDIA,Developer
1377,employee1377,Address-1377,4235023965,INDIA,Tester
1378,employee1378,Address-1378,4877696136,INDIA,Doctor
1379,employee1379,Address-1379,7923553959,INDIA,Scientist
1380,employee1380,Address-1380,9290028505,INDIA,Teacher
1381,employee1381,Address-1381,9370523990,INDIA,Lawyer
1382,employee1382,Address-1382,3795119965,INDIA,Developer
1383,employee1383,Address-1383,7496439059,INDIA,Tester
1384,employee1384,Address-1384,7735029422,INDIA,Doctor
1385,employee1385,Address-1385,9480344344,INDIA,Scientist
1386,employee1386,Address-1386,2919038202,INDIA,Teacher
1387,employee1387,Address-1387,4535186292,INDIA,Lawyer
1388,employee1388,Address-1388,6012300082,INDIA,Developer
1389,employee1389,Address-1389,2330272998,INDIA,Tester
1390,employee1390,Address-1390,1906819061,INDIA,Doctor
1391,employee1391,Address-1391,1238569225,INDIA,Scientist
1392,employee1392,Address-1392,3367360117,INDIA,Teacher
1393,employee1393,Address-1393,1143357448,INDIA,Lawyer
1394,employee1394,Address-1394,1342014702,INDIA,Developer
1395,employee1395,Address-1395,4138374947,INDIA,Tester
1396,employee1396,Address-1396,7455114595,INDIA,Doctor
1397,employee1397,Address-1397,6850474231,INDIA,Scientist
1398,employee1398,Address-1398,6037165284,INDIA,Teacher
1399,employee1399,Address-1399,2777741149,INDIA,Lawyer
1400,employee1400,Address-1400,2314257200,INDIA,Developer
1401,employee1401,Address-1401,4654490579,INDIA,Tester
1402,employee1402,Address-1402,9928740757,INDIA,Doctor
1403,employee1403,Address-1403,9788800201,INDIA,Scientist
1404,employee1404,Address-1404,1412442096,INDIA,Teacher
1405,employee1405,Address-1405,4153031043,INDIA,Lawyer
1406,employee1406,Address-1406,7718233941,INDIA,Developer
1407,employee1407,Address-1407,3179660863,INDIA,Tester
1408,employee1408,Address-1408,5183679412,INDIA,Doctor
1409,employee1409,Address-1409,1335115594,INDIA,Scientist
1410,employee1410,Address-1410,4272599053,INDIA,Teacher
1411,employee1411,Address-1411,4871395501,INDIA,Lawyer
1412,employee1412,Address-1412,7395294733,INDIA,Developer
1413,employee1413,Address-1413,2550021531,INDIA,Tester
1414,employee1414,Address-1414,9473831171,INDIA,Doctor
1415,employee1415,Address-1415,7052334294,INDIA,Scientist
1416,employee1416,Address-1416,3211035825,INDIA,Teacher
1417,employee1417,Address-1417,7327439260,INDIA,Lawyer
1418,employee1418,Address-1418,7241081011,INDIA,Developer
1419,employee1419,Address-1419,1314505339,INDIA,Tester
1420,employee1420,Address-1420,5232775508,INDIA,Doctor
1421,employee1421,Address-1421,7672543845,INDIA,Scientist
1422,employee1422,Address-1422,9632044591,INDIA,Teacher
1423,employee1423,Address-1423,6903791842,INDIA,Lawyer
1424,employee1424,Address-1424,7865578715,INDIA,Developer
1425,employee1425,Address-1425,1035944172,INDIA,Tester
1426,employee1426,Address-1426,4311139905,INDIA,Doctor
1427,employee1427,Address-1427,7670533464,INDIA,Scientist
1428,employee1428,Address-1428,4186098624,INDIA,Teacher
1429,employee1429,Address-1429,7744783124,INDIA,Lawyer
1430,employee1430,Address-1430,3264088301,INDIA,Developer
1431,employee1431,Address-1431,9184396441,INDIA,Tester
1432,employee1432,Address-1432,9368532216,INDIA,Doctor
1433,employee1433,Address-1433,6675627447,INDIA,Scientist
1434,employee1434,Address-1434,9429829258,INDIA,Teacher
1435,employee1435,Address-1435,4385403426,INDIA,Lawyer
1436,employee1436,Address-1436,8738329674,INDIA,Developer
1437,employee1437,Address-1437,7558612176,INDIA,Tester
1438,employee1438,Address-1438,5428825321,INDIA,Doctor
1439,employee1439,Address-1439,6213594199,INDIA,Scientist
1440,employee1440,Address-1440,5783144590,INDIA,Teacher
1441,employee1441,Address-1441,9662181914,INDIA,Lawyer
1442,employee1442,Address-1442,1163402888,INDIA,Developer
1443,employee1443,Address-1443,1816468606,INDIA,Tester
1444,employee1444,Address-1444,4461086433,INDIA,Doctor
1445,employee1445,Address-1445,6935345034,INDIA,Scientist
1446,employee1446,Address-1446,8056215561,INDIA,Teacher
1447,employee1447,Address-1447,3803019302,INDIA,Lawyer
1448,employee1448,Address-1448,3166193519,INDIA,Developer
1449,employee1449,Address-1449,7861186197,INDIA,Tester
1450,employee1450,Address-1450,7158028219,INDIA,Doctor
1451,employee1451,Address-1451,5391680855,INDIA,Scientist
1452,employee1452,Address-1452,1997384345,INDIA,Teacher
1453,employee1453,Address-1453,1842668109,INDIA,Lawyer
1454,employee1454,Address-1454,7372081544,INDIA,Developer
1455,employee1455,Address-1455,7771455217,INDIA,Tester
1456,employee1456,Address-1456,3728594830,INDIA,Doctor
1457,employee1457,Address-1457,8475208221,INDIA,Scientist
1458,employee1458,Address-1458,4516268601,INDIA,Teacher
1459,employee1459,Address-1459,1948371978,INDIA,Lawyer
1460,employee1460,Address-1460,4008048653,INDIA,Developer
1461,employee1461,Address-1461,6924574517,INDIA,Tester
1462,employee1462,Address-1462,1792882818,INDIA,Doctor
1463,employee1463,Address-1463,6539928677,INDIA,Scientist
1464,employee1464,Address-1464,5939476301,INDIA,Teacher
1465,employee1465,Address-1465,4556006295,INDIA,Lawyer
1466,employee1466,Address-1466,5575496476,INDIA,Developer
1467,employee1467,Address-1467,6154706708,INDIA,Tester
1468,employee1468,Address-1468,4875452844,INDIA,Doctor
1469,employee1469,Address-1469,6360787070,INDIA,Scientist
1470,employee1470,Address-1470,8192812102,INDIA,Teacher
1471,employee1471,Address-1471,3844318552,INDIA,Lawyer
1472,employee1472,Address-1472,5545455287,INDIA,Developer
1473,employee1473,Address-1473,2763422271,INDIA,Tester
1474,employee1474,Address-1474,8900535355,INDIA,Doctor
1475,employee1475,Address-1475,5228266302,INDIA,Scientist
1476,employee1476,Address-1476,3247590540,INDIA,Teacher
1477,employee1477,Address-1477,6374495099,INDIA,Lawyer
1478,employee1478,Address-1478,8917986386,INDIA,Developer
1479,employee1479,Address-1479,5651794312,INDIA,Tester
1480,employee1480,Address-1480,6985009121,INDIA,Doctor
1481,employee1481,Address-1481,7731425851,INDIA,Scientist
1482,employee1482,Address-1482,1026433662,INDIA,Teacher
1483,employee1483,Address-1483,5627182776,INDIA,Lawyer
1484,employee1484,Address-1484,7898674765,INDIA,Developer
1485,employee1485,Address-1485,9724672543,INDIA,Tester
1486,employee1486,Address-1486,3294409941,INDIA,Doctor
1487,employee1487,Address-1487,5973139806,INDIA,Scientist
1488,employee1488,Address-1488,7899397626,INDIA,Teacher
1489,employee1489,Address-1489,2307418653,INDIA,Lawyer
1490,employee1490,Address-1490,6284024403,INDIA,Developer
1491,employee1491,Address-1491,7676869342,INDIA,Tester
1492,employee1492,Address-1492,4514580421,INDIA,Doctor
1493,employee1493,Address-1493,3967307894,INDIA,Scientist
1494,employee1494,Address-1494,3149797118,INDIA,Teacher
1495,employee1495,Address-1495,2672492924,INDIA,Lawyer
1496,employee1496,Address-1496,7550839009,INDIA,Developer
1497,employee1497,Address-1497,2126456272,INDIA,Tester
1498,employee1498,Address-1498,4492516680,INDIA,Doctor
1499,employee1499,Address-1499,8352662805,INDIA,Scientist
1500,employee1500,Address-1500,4213991527,INDIA,Teacher
1501,employee1501,Address-1501,3798783437,INDIA,Lawyer
1502,employee1502,Address-1502,1820613528,INDIA,Developer
1503,employee1503,Address-1503,6181186131,INDIA,Tester
1504,employee1504,Address-1504,9532517505,INDIA,Doctor
1505,employee1505,Address-1505,3325708147,INDIA,Scientist
1506,employee1506,Address-1506,8392809132,INDIA,Teacher
1507,employee1507,Address-1507,7752940117,INDIA,Lawyer
1508,employee1508,Address-1508,1157390091,INDIA,Developer
1509,employee1509,Address-1509,4781023733,INDIA,Tester
1510,employee1510,Address-1510,3508012006,INDIA,Doctor
1511,employee1511,Address-1511,5788769290,INDIA,Scientist
1512,employee1512,Address-1512,5900006988,INDIA,Teacher
1513,employee1513,Address-1513,7548773824,INDIA,Lawyer
1514,employee1514,Address-1514,9035541886,INDIA,Developer
1515,employee1515,Address-1515,3322453905,INDIA,Tester
1516,employee1516,Address-1516,2132097659,INDIA,Doctor
1517,employee1517,Address-1517,8190214521,INDIA,Scientist
1518,employee1518,Address-1518,8959367329,INDIA,Teacher
1519,employee1519,Address-1519,1097517879,INDIA,Lawyer
1520,employee1520,Address-1520,7956674780,INDIA,Developer
1521,employee1521,Address-1521,8935212148,INDIA,Tester
1522,employee1522,Address-1522,8691756441,INDIA,Doctor
1523,employee1523,Address-1523,9864070019,INDIA,Scientist
1524,employee1524,Address-1524,8856570279,INDIA,Teacher
1525,employee1525,Address-1525,1863796519,INDIA,Lawyer
1526,employee1526,Address-1526,7562194945,INDIA,Developer
1527,employee1527,Address-1527,1186074981,INDIA,Tester
1528,employee1528,Address-1528,5497134741,INDIA,Doctor
1529,employee1529,Address-1529,4833510682,INDIA,Scientist
1530,employee1530,Address-1530,4884429666,INDIA,Teacher
1531,employee1531,Address-1531,9465881925,INDIA,Lawyer
1532,employee1532,Address-1532,6866510937,INDIA,Developer
1533,employee1533,Address-1533,5582305010,INDIA,Tester
1534,employee1534,Address-1534,1793887272,INDIA,Doctor
1535,employee1535,Address-1535,3986411876,INDIA,Scientist
1536,employee1536,Address-1536,4946853098,INDIA,Teacher
1537,employee1537,Address-1537,5649491014,INDIA,Lawyer
1538,employee1538,Address-1538,6279585726,INDIA,Developer
1539,employee1539,Address-1539,2209410718,INDIA,Tester
1540,employee1540,Address-1540,1207505138,INDIA,Doctor
1541,employee1541,Address-1541,4299298615,INDIA,Scientist
1542,employee1542,Address-1542,4916038986,INDIA,Teacher
1543,employee1543,Address-1543,5303453625,INDIA,Lawyer
1544,employee1544,Address-1544,5295716188,INDIA,Developer
1545,employee1545,Address-1545,6269770612,INDIA,Tester
1546,employee1546,Address-1546,7917775355,INDIA,Doctor
1547,employee1547,Address-1547,3490500473,INDIA,Scientist
1548,employee1548,Address-1548,4333612638,INDIA,Teacher
1549,employee1549,Address-1549,4511095678,INDIA,Lawyer
1550,employee1550,Address-1550,3556981784,INDIA,Developer
1551,employee1551,Address-1551,3892525983,INDIA,Tester
1552,employee1552,Address-1552,8569817164,INDIA,Doctor
1553,employee1553,Address-1553,9561821546,INDIA,Scientist
1554,employee1554,Address-1554,3104869800,INDIA,Teacher
1555,employee1555,Address-1555,8952497600,INDIA,Lawyer
1556,employee1556,Address-1556,2232957596,INDIA,Developer
1557,employee1557,Address-1557,8639216330,INDIA,Tester
1558,employee1558,Address-1558,3982431626,INDIA,Doctor
1559,employee1559,Address-1559,7584369775,INDIA,Scientist
1560,employee1560,Address-1560,5087014196,INDIA,Teacher
1561,employee1561,Address-1561,5198956209,INDIA,Lawyer
1562,employee1562,Address-1562,3561373081,INDIA,Developer
1563,employee1563,Address-1563,5216660776,INDIA,Tester
1564,employee1564,Address-1564,5292970565,INDIA,Doctor
1565,employee1565,Address-1565,2538352560,INDIA,Scientist
1566,employee1566,Address-1566,7345158959,INDIA,Teacher
1567,employee1567,Address-1567,8275888783,INDIA,Lawyer
1568,employee1568,Address-1568,3960652449,INDIA,Developer
1569,employee1569,Address-1569,3268675989,INDIA,Tester
1570,employee1570,Address-1570,7632409916,INDIA,Doctor
1571,employee1571,Address-1571,3157407185,INDIA,Scientist
1572,employee1572,Address-1572,7831705881,INDIA,Teacher
1573,employee1573,Address-1573,6762420531,INDIA,Lawyer
1574,employee1574,Address-1574,1122739026,INDIA,Developer
1575,employee1575,Address-1575,7118426063,INDIA,Tester
1576,employee1576,Address-1576,4096317873,INDIA,Doctor
1577,employee1577,Address-1577,9362528813,INDIA,Scientist
1578,employee1578,Address-1578,6310861721,INDIA,Teacher
1579,employee1579,Address-1579,4607481468,INDIA,Lawyer
1580,employee1580,Address-1580,7531197714,INDIA,Developer
1581,employee1581,Address-1581,8211628264,INDIA,Tester
1582,employee1582,Address-1582,4350009226,INDIA,Doctor
1583,employee1583,Address-1583,7574794949,INDIA,Scientist
1584,employee1584,Address-1584,1266515072,INDIA,Teacher
1585,employee1585,Address-1585,1238745383,INDIA,Lawyer
1586,employee1586,Address-1586,5613556089,INDIA,Developer
1587,employee1587,Address-1587,1763789201,INDIA,Tester
1588,employee1588,Address-1588,2205102600,INDIA,Doctor
1589,employee1589,Address-1589,8172406715,INDIA,Scientist
1590,employee1590,Address-1590,7057305863,INDIA,Teacher
1591,employee1591,Address-1591,4545246670,INDIA,Lawyer
1592,employee1592,Address-1592,5702021388,INDIA,Developer
1593,employee1593,Address-1593,9211033629,INDIA,Tester
1594,employee1594,Address-1594,7570096870,INDIA,Doctor
1595,employee1595,Address-1595,6579270113,INDIA,Scientist
1596,employee1596,Address-1596,7068609962,INDIA,Teacher
1597,employee1597,Address-1597,8042985544,INDIA,Lawyer
1598,employee1598,Address-1598,2492119239,INDIA,Developer
1599,employee1599,Address-1599,9307781766,INDIA,Tester
1600,employee1600,Address-1600,7725180866,INDIA,Doctor
1601,employee1601,Address-1601,3669457847,INDIA,Scientist
1602,employee1602,Address-1602,5009597013,INDIA,Teacher
1603,employee1603,Address-1603,3339629280,INDIA,Lawyer
1604,employee1604,Address-1604,3531421682,INDIA,Developer
1605,employee1605,Address-1605,8522460256,INDIA,Tester
1606,employee1606,Address-1606,3191443442,INDIA,Doctor
1607,employee1607,Address-1607,8177603658,INDIA,Scientist
1608,employee1608,Address-1608,6879918817,INDIA,Teacher
1609,employee1609,Address-1609,9954160891,INDIA,Lawyer
1610,employee1610,Address-1610,5205828137,INDIA,Developer
1611,employee1611,Address-1611,5537458312,INDIA,Tester
1612,employee1612,Address-1612,7620230414,INDIA,Doctor
1613,employee1613,Address-1613,2282682543,INDIA,Scientist
1614,employee1614,Address-1614,3801401632,INDIA,Teacher
1615,employee1615,Address-1615,6475224314,INDIA,Lawyer
1616,employee1616,Address-1616,9984710570,INDIA,Developer
1617,employee1617,Address-1617,6727199858,INDIA,Tester
1618,employee1618,Address-1618,8191713375,INDIA,Doctor
1619,employee1619,Address-1619,1255093855,INDIA,Scientist
1620,employee1620,Address-1620,7436372551,INDIA,Teacher
1621,employee1621,Address-1621,5438801668,INDIA,Lawyer
1622,employee1622,Address-1622,9286888357,INDIA,Developer
1623,employee1623,Address-1623,7858756500,INDIA,Tester
1624,employee1624,Address-1624,6562594924,INDIA,Doctor
1625,employee1625,Address-1625,9268387272,INDIA,Scientist
1626,employee1626,Address-1626,1281493514,INDIA,Teacher
1627,employee1627,Address-1627,7659234419,INDIA,Lawyer
1628,employee1628,Address-1628,1711348131,INDIA,Developer
1629,employee1629,Address-1629,3176441197,INDIA,Tester
1630,employee1630,Address-1630,4514342463,INDIA,Doctor
1631,employee1631,Address-1631,9792275897,INDIA,Scientist
1632,employee1632,Address-1632,8625979226,INDIA,Teacher
1633,employee1633,Address-1633,9874421666,INDIA,Lawyer
1634,employee1634,Address-1634,9687953206,INDIA,Developer
1635,employee1635,Address-1635,5836917904,INDIA,Tester
1636,employee1636,Address-1636,9868592565,INDIA,Doctor
1637,employee1637,Address-1637,3862987167,INDIA,Scientist
1638,employee1638,Address-1638,6146904642,INDIA,Teacher
1639,employee1639,Address-1639,4184988679,INDIA,Lawyer
1640,employee1640,Address-1640,3952404526,INDIA,Developer
1641,employee1641,Address-1641,4059807790,INDIA,Tester
1642,employee1642,Address-1642,9184444170,INDIA,Doctor
1643,employee1643,Address-1643,9778250485,INDIA,Scientist
1644,employee1644,Address-1644,4446507402,INDIA,Teacher
1645,employee1645,Address-1645,2098039160,INDIA,Lawyer
1646,employee1646,Address-1646,2162504249,INDIA,Developer
1647,employee1647,Address-1647,3142168321,INDIA,Tester
1648,employee1648,Address-1648,6773254018,INDIA,Doctor
1649,employee1649,Address-1649,4080741752,INDIA,Scientist
1650,employee1650,Address-1650,8707295444,INDIA,Teacher
1651,employee1651,Address-1651,7239975099,INDIA,Lawyer
1652,employee1652,Address-1652,6084786491,INDIA,Developer
1653,employee1653,Address-1653,1571172604,INDIA,Tester
1654,employee1654,Address-1654,8240826444,INDIA,Doctor
1655,employee1655,Address-1655,8240489007,INDIA,Scientist
1656,employee1656,Address-1656,7519856642,INDIA,Teacher
1657,employee1657,Address-1657,6095184909,INDIA,Lawyer
1658,employee1658,Address-1658,6273863159,INDIA,Developer
1659,employee1659,Address-1659,3760275569,INDIA,Tester
1660,employee1660,Address-1660,9731378240,INDIA,Doctor
1661,employee1661,Address-1661,4184556663,INDIA,Scientist
1662,employee1662,Address-1662,9791122240,INDIA,Teacher
1663,employee1663,Address-1663,7307430601,INDIA,Lawyer
1664,employee1664,Address-1664,6349067758,INDIA,Developer
1665,employee1665,Address-1665,5476330619,INDIA,Tester
1666,employee1666,Address-1666,5878623026,INDIA,Doctor
1667,employee1667,Address-1667,2225433885,INDIA,Scientist
1668,employee1668,Address-1668,8653190613,INDIA,Teacher
1669,employee1669,Address-1669,5824760766,INDIA,Lawyer
1670,employee1670,Address-1670,2732233005,INDIA,Developer
1671,employee1671,Address-1671,1774800285,INDIA,Tester
1672,employee1672,Address-1672,6287705805,INDIA,Doctor
1673,employee1673,Address-1673,3296432258,INDIA,Scientist
1674,employee1674,Address-1674,9375635297,INDIA,Teacher
1675,employee1675,Address-1675,8382991796,INDIA,Lawyer
1676,employee1676,Address-1676,7547217414,INDIA,Developer
1677,employee1677,Address-1677,4584740806,INDIA,Tester
1678,employee1678,Address-1678,1076344329,INDIA,Doctor
1679,employee1679,Address-1679,4424223053,INDIA,Scientist
1680,employee1680,Address-1680,9632538238,INDIA,Teacher
1681,employee1681,Address-1681,8397265326,INDIA,Lawyer
1682,employee1682,Address-1682,2453764504,INDIA,Developer
1683,employee1683,Address-1683,4002194204,INDIA,Tester
1684,employee1684,Address-1684,2802445289,INDIA,Doctor
1685,employee1685,Address-1685,3352777280,INDIA,Scientist
1686,employee1686,Address-1686,3167458117,INDIA,Teacher
1687,employee1687,Address-1687,7342599345,INDIA,Lawyer
1688,employee1688,Address-1688,7896544128,INDIA,Developer
1689,employee1689,Address-1689,8168417267,INDIA,Tester
1690,employee1690,Address-1690,4579244175,INDIA,Doctor
1691,employee1691,Address-1691,6783371903,INDIA,Scientist
1692,employee1692,Address-1692,8407769175,INDIA,Teacher
1693,employee1693,Address-1693,8291159480,INDIA,Lawyer
1694,employee1694,Address-1694,3117203487,INDIA,Developer
1695,employee1695,Address-1695,4159880879,INDIA,Tester
1696,employee1696,Address-1696,8948234508,INDIA,Doctor
1697,employee1697,Address-1697,6826884216,INDIA,Scientist
1698,employee1698,Address-1698,5887607305,INDIA,Teacher
1699,employee1699,Address-1699,4523756539,INDIA,Lawyer
1700,employee1700,Address-1700,8936643749,INDIA,Developer
1701,employee1701,Address-1701,8571364719,INDIA,Tester
1702,employee1702,Address-1702,7280182228,INDIA,Doctor
1703,employee1703,Address-1703,1446314595,INDIA,Scientist
1704,employee1704,Address-1704,5782501666,INDIA,Teacher
1705,employee1705,Address-1705,4336639499,INDIA,Lawyer
1706,employee1706,Address-1706,2636889608,INDIA,Developer
1707,employee1707,Address-1707,1230151301,INDIA,Tester
1708,employee1708,Address-1708,4226910079,INDIA,Doctor
1709,employee1709,Address-1709,2136258460,INDIA,Scientist
1710,employee1710,Address-1710,3236941461,INDIA,Teacher
1711,employee1711,Address-1711,1505167185,INDIA,Lawyer
1712,employee1712,Address-1712,1939806557,INDIA,Developer
1713,employee1713,Address-1713,4176207760,INDIA,Tester
1714,employee1714,Address-1714,7546055533,INDIA,Doctor
1715,employee1715,Address-1715,5757887164,INDIA,Scientist
1716,employee1716,Address-1716,1470557201,INDIA,Teacher
1717,employee1717,Address-1717,4264803773,INDIA,Lawyer
1718,employee1718,Address-1718,1701510668,INDIA,Developer
1719,employee1719,Address-1719,6801796457,INDIA,Tester
1720,employee1720,Address-1720,7466731641,INDIA,Doctor
1721,employee1721,Address-1721,3105059298,INDIA,Scientist
1722,employee1722,Address-1722,3601060106,INDIA,Teacher
1723,employee1723,Address-1723,6004749212,INDIA,Lawyer
1724,employee1724,Address-1724,8263010141,INDIA,Developer
1725,employee1725,Address-1725,8048938432,INDIA,Tester
1726,employee1726,Address-1726,6628756019,INDIA,Doctor
1727,employee1727,Address-1727,8628700378,INDIA,Scientist
1728,employee1728,Address-1728,9679349050,INDIA,Teacher
1729,employee1729,Address-1729,1627385232,INDIA,Lawyer
1730,employee1730,Address-1730,1703394674,INDIA,Developer
1731,employee1731,Address-1731,5861913092,INDIA,Tester
1732,employee1732,Address-1732,2844504876,INDIA,Doctor
1733,employee1733,Address-1733,8096370608,INDIA,Scientist
1734,employee1734,Address-1734,3910203595,INDIA,Teacher
1735,employee1735,Address-1735,2193472920,INDIA,Lawyer
1736,employee1736,Address-1736,1027680506,INDIA,Developer
1737,employee1737,Address-1737,1672062761,INDIA,Tester
1738,employee1738,Address-1738,6615622348,INDIA,Doctor
1739,employee1739,Address-1739,5052210471,INDIA,Scientist
1740,employee1740,Address-1740,3434337208,INDIA,Teacher
1741,employee1741,Address-1741,2830544643,INDIA,Lawyer
1742,employee1742,Address-1742,2419134136,INDIA,Developer
1743,employee1743,Address-1743,4794114409,INDIA,Tester
1744,employee1744,Address-1744,1000897959,INDIA,Doctor
1745,employee1745,Address-1745,5675669010,INDIA,Scientist
1746,employee1746,Address-1746,5550978917,INDIA,Teacher
1747,employee1747,Address-1747,3022429970,INDIA,Lawyer
1748,employee1748,Address-1748,1472496496,INDIA,Developer
1749,employee1749,Address-1749,8289583537,INDIA,Tester
1750,employee1750,Address-1750,8170745362,INDIA,Doctor
1751,employee1751,Address-1751,8498644313,INDIA,Scientist
1752,employee1752,Address-1752,3778483175,INDIA,Teacher
1753,employee1753,Address-1753,5856583054,INDIA,Lawyer
1754,employee1754,Address-1754,9975729865,INDIA,Developer
1755,employee1755,Address-1755,4215368355,INDIA,Tester
1756,employee1756,Address-1756,3562963172,INDIA,Doctor
1757,employee1757,Address-1757,2710151036,INDIA,Scientist
1758,employee1758,Address-1758,8614369988,INDIA,Teacher
1759,employee1759,Address-1759,3567561124,INDIA,Lawyer
1760,employee1760,Address-1760,4137498567,INDIA,Developer
1761,employee1761,Address-1761,6408363085,INDIA,Tester
1762,employee1762,Address-1762,8016830407,INDIA,Doctor
1763,employee1763,Address-1763,9325117893,INDIA,Scientist
1764,employee1764,Address-1764,4398062971,INDIA,Teacher
1765,employee1765,Address-1765,6477717329,INDIA,Lawyer
1766,employee1766,Address-1766,1232420354,INDIA,Developer
1767,employee1767,Address-1767,8209845465,INDIA,Tester
1768,employee1768,Address-1768,9958887688,INDIA,Doctor
1769,employee1769,Address-1769,5961832128,INDIA,Scientist
1770,employee1770,Address-1770,9574494571,INDIA,Teacher
1771,employee1771,Address-1771,1772398104,INDIA,Lawyer
1772,employee1772,Address-1772,4107820734,INDIA,Developer
1773,employee1773,Address-1773,8169616624,INDIA,Tester
1774,employee1774,Address-1774,4763897683,INDIA,Doctor
1775,employee1775,Address-1775,1815011914,INDIA,Scientist
1776,employee1776,Address-1776,9182704428,INDIA,Teacher
1777,employee1777,Address-1777,4635689554,INDIA,Lawyer
1778,employee1778,Address-1778,4184200589,INDIA,Developer
1779,employee1779,Address-1779,7550579462,INDIA,Tester
1780,employee1780,Address-1780,4962069794,INDIA,Doctor
1781,employee1781,Address-1781,6736507519,INDIA,Scientist
1782,employee1782,Address-1782,7742520732,INDIA,Teacher
1783,employee1783,Address-1783,1886022889,INDIA,Lawyer
1784,employee1784,Address-1784,1656455560,INDIA,Developer
1785,employee1785,Address-1785,2196884352,INDIA,Tester
1786,employee1786,Address-1786,9950158735,INDIA,Doctor
1787,employee1787,Address-1787,6444028193,INDIA,Scientist
1788,employee1788,Address-1788,3944208857,INDIA,Teacher
1789,employee1789,Address-1789,2926428092,INDIA,Lawyer
1790,employee1790,Address-1790,4339399276,INDIA,Developer
1791,employee1791,Address-1791,3845656219,INDIA,Tester
1792,employee1792,Address-1792,3923985355,INDIA,Doctor
1793,employee1793,Address-1793,4027348211,INDIA,Scientist
1794,employee1794,Address-1794,8676583130,INDIA,Teacher
1795,employee1795,Address-1795,7703710462,INDIA,Lawyer
1796,employee1796,Address-1796,7188409674,INDIA,Developer
1797,employee1797,Address-1797,1959844135,INDIA,Tester
1798,employee1798,Address-1798,2035028793,INDIA,Doctor
1799,employee1799,Address-1799,9854562647,INDIA,Scientist
1800,employee1800,Address-1800,7399159177,INDIA,Teacher
1801,employee1801,Address-1801,9349579805,INDIA,Lawyer
1802,employee1802,Address-1802,3165923439,INDIA,Developer
1803,employee1803,Address-1803,1725445348,INDIA,Tester
1804,employee1804,Address-1804,8039900113,INDIA,Doctor
1805,employee1805,Address-1805,9843362739,INDIA,Scientist
1806,employee1806,Address-1806,9917946210,INDIA,Teacher
1807,employee1807,Address-1807,5139905781,INDIA,Lawyer
1808,employee1808,Address-1808,3794897872,INDIA,Developer
1809,employee1809,Address-1809,6115268135,INDIA,Tester
1810,employee1810,Address-1810,8306783428,INDIA,Doctor
1811,employee1811,Address-1811,6110425995,INDIA,Scientist
1812,employee1812,Address-1812,4389973520,INDIA,Teacher
1813,employee1813,Address-1813,1547705176,INDIA,Lawyer
1814,employee1814,Address-1814,4963794460,INDIA,Developer
1815,employee1815,Address-1815,4108856379,INDIA,Tester
1816,employee1816,Address-1816,3364666462,INDIA,Doctor
1817,employee1817,Address-1817,1688180709,INDIA,Scientist
1818,employee1818,Address-1818,2343932303,INDIA,Teacher
1819,employee1819,Address-1819,8924917508,INDIA,Lawyer
1820,employee1820,Address-1820,5212597224,INDIA,Developer
1821,employee1821,Address-1821,9631705945,INDIA,Tester
1822,employee1822,Address-1822,7716755562,INDIA,Doctor
1823,employee1823,Address-1823,4779699854,INDIA,Scientist
1824,employee1824,Address-1824,3313146837,INDIA,Teacher
1825,employee1825,Address-1825,5177886463,INDIA,Lawyer
1826,employee1826,Address-1826,6946915063,INDIA,Developer
1827,employee1827,Address-1827,9775882408,INDIA,Tester
1828,employee1828,Address-1828,8780744018,INDIA,Doctor
1829,employee1829,Address-1829,1206053086,INDIA,Scientist
1830,employee1830,Address-1830,5088762348,INDIA,Teacher
1831,employee1831,Address-1831,6915190799,INDIA,Lawyer
1832,employee1832,Address-1832,8218853634,INDIA,Developer
1833,employee1833,Address-1833,9277974833,INDIA,Tester
1834,employee1834,Address-1834,2853220700,INDIA,Doctor
1835,employee1835,Address-1835,2169757905,INDIA,Scientist
1836,employee1836,Address-1836,2491441839,INDIA,Teacher
1837,employee1837,Address-1837,5030869423,INDIA,Lawyer
1838,employee1838,Address-1838,1096592904,INDIA,Developer
1839,employee1839,Address-1839,4498684368,INDIA,Tester
1840,employee1840,Address-1840,1096152828,INDIA,Doctor
1841,employee1841,Address-1841,8590382628,INDIA,Scientist
1842,employee1842,Address-1842,6062510621,INDIA,Teacher
1843,employee1843,Address-1843,6058722876,INDIA,Lawyer
1844,employee1844,Address-1844,3711107027,INDIA,Developer
1845,employee1845,Address-1845,7926480118,INDIA,Tester
1846,employee1846,Address-1846,6237976550,INDIA,Doctor
1847,employee1847,Address-1847,3320410439,INDIA,Scientist
1848,employee1848,Address-1848,5227614438,INDIA,Teacher
1849,employee1849,Address-1849,3133031629,INDIA,Lawyer
1850,employee1850,Address-1850,6361896467,INDIA,Developer
1851,employee1851,Address-1851,5476414538,INDIA,Tester
1852,employee1852,Address-1852,8287959356,INDIA,Doctor
1853,employee1853,Address-1853,1731663741,INDIA,Scientist
1854,employee1854,Address-1854,2553170943,INDIA,Teacher
1855,employee1855,Address-1855,6117466489,INDIA,Lawyer
1856,employee1856,Address-1856,2774741135,INDIA,Developer
1857,employee1857,Address-1857,2673206267,INDIA,Tester
1858,employee1858,Address-1858,7144268386,INDIA,Doctor
1859,employee1859,Address-1859,1236167814,INDIA,Scientist
1860,employee1860,Address-1860,4295823565,INDIA,Teacher
1861,employee1861,Address-1861,3784509781,INDIA,Lawyer
1862,employee1862,Address-1862,8215333763,INDIA,Developer
1863,employee1863,Address-1863,6608164996,INDIA,Tester
1864,employee1864,Address-1864,6174615416,INDIA,Doctor
1865,employee1865,Address-1865,3761398426,INDIA,Scientist
1866,employee1866,Address-1866,8177412995,INDIA,Teacher
1867,employee1867,Address-1867,2961411982,INDIA,Lawyer
1868,employee1868,Address-1868,2390593748,INDIA,Developer
1869,employee1869,Address-1869,4660589035,INDIA,Tester
1870,employee1870,Address-1870,3692431902,INDIA,Doctor
1871,employee1871,Address-1871,7888168795,INDIA,Scientist
1872,employee1872,Address-1872,7127067866,INDIA,Teacher
1873,employee1873,Address-1873,3090267778,INDIA,Lawyer
1874,employee1874,Address-1874,1863974355,INDIA,Developer
1875,employee1875,Address-1875,7346679673,INDIA,Tester
1876,employee1876,Address-1876,3426527316,INDIA,Doctor
1877,employee1877,Address-1877,3909549396,INDIA,Scientist
1878,employee1878,Address-1878,9701357700,INDIA,Teacher
1879,employee1879,Address-1879,4882060872,INDIA,Lawyer
1880,employee1880,Address-1880,9058320599,INDIA,Developer
1881,employee1881,Address-1881,8233186762,INDIA,Tester
1882,employee1882,Address-1882,4651971970,INDIA,Doctor
1883,employee1883,Address-1883,8032446181,INDIA,Scientist
1884,employee1884,Address-1884,3457700198,INDIA,Teacher
1885,employee1885,Address-1885,3770039730,INDIA,Lawyer
1886,employee1886,Address-1886,9160584858,INDIA,Developer
1887,employee1887,Address-1887,8638760734,INDIA,Tester
1888,employee1888,Address-1888,4646536532,INDIA,Doctor
1889,employee1889,Address-1889,4577318343,INDIA,Scientist
1890,employee1890,Address-1890,5095012291,INDIA,Teacher
1891,employee1891,Address-1891,6589555506,INDIA,Lawyer
1892,employee1892,Address-1892,4161270261,INDIA,Developer
1893,employee1893,Address-1893,9969403344,INDIA,Tester
1894,employee1894,Address-1894,2719192768,INDIA,Doctor
1895,employee1895,Address-1895,1692506751,INDIA,Scientist
1896,employee1896,Address-1896,5931877929,INDIA,Teacher
1897,employee1897,Address-1897,8612282144,INDIA,Lawyer
1898,employee1898,Address-1898,5560739930,INDIA,Developer
1899,employee1899,Address-1899,1565241951,INDIA,Tester
1900,employee1900,Address-1900,2241686713,INDIA,Doctor
1901,employee1901,Address-1901,1359060968,INDIA,Scientist
1902,employee1902,Address-1902,5688135999,INDIA,Teacher
1903,employee1903,Address-1903,6828882537,INDIA,Lawyer
1904,employee1904,Address-1904,9499918928,INDIA,Developer
1905,employee1905,Address-1905,4936699904,INDIA,Tester
1906,employee1906,Address-1906,4126136326,INDIA,Doctor
1907,employee1907,Address-1907,6701665359,INDIA,Scientist
1908,employee1908,Address-1908,2560823759,INDIA,Teacher
1909,employee1909,Address-1909,4975576016,INDIA,Lawyer
1910,employee1910,Address-1910,5556928106,INDIA,Developer
1911,employee1911,Address-1911,1556606992,INDIA,Tester
1912,employee1912,Address-1912,1445767319,INDIA,Doctor
1913,employee1913,Address-1913,5970151058,INDIA,Scientist
1914,employee1914,Address-1914,7923877526,INDIA,Teacher
1915,employee1915,Address-1915,8857664247,INDIA,Lawyer
1916,employee1916,Address-1916,9756337277,INDIA,Developer
1917,employee1917,Address-1917,7577050507,INDIA,Tester
1918,employee1918,Address-1918,9776142022,INDIA,Doctor
1919,employee1919,Address-1919,8963905054,INDIA,Scientist
1920,employee1920,Address-1920,5232000053,INDIA,Teacher
1921,employee1921,Address-1921,6812758104,INDIA,Lawyer
1922,employee1922,Address-1922,5127222794,INDIA,Developer
1923,employee1923,Address-1923,8886638365,INDIA,Tester
1924,employee1924,Address-1924,5828537517,INDIA,Doctor
1925,employee1925,Address-1925,5813551879,INDIA,Scientist
1926,employee1926,Address-1926,8881899781,INDIA,Teacher
1927,employee1927,Address-1927,3485585438,INDIA,Lawyer
1928,employee1928,Address-1928,5449313498,INDIA,Developer
1929,employee1929,Address-1929,6681522380,INDIA,Tester
1930,employee1930,Address-1930,1356251206,INDIA,Doctor
1931,employee1931,Address-1931,6129198848,INDIA,Scientist
1932,employee1932,Address-1932,3540555722,INDIA,Teacher
1933,employee1933,Address-1933,1251682488,INDIA,Lawyer
1934,employee1934,Address-1934,8986564733,INDIA,Developer
1935,employee1935,Address-1935,8002302170,INDIA,Tester
1936,employee1936,Address-1936,6207818443,INDIA,Doctor
1937,employee1937,Address-1937,5123108698,INDIA,Scientist
1938,employee1938,Address-1938,2335977022,INDIA,Teacher
1939,employee1939,Address-1939,1422461973,INDIA,Lawyer
1940,employee1940,Address-1940,7576964470,INDIA,Developer
1941,employee1941,Address-1941,9342243131,INDIA,Tester
1942,employee1942,Address-1942,6811673631,INDIA,Doctor
1943,employee1943,Address-1943,4944961940,INDIA,Scientist
1944,employee1944,Address-1944,7446813171,INDIA,Teacher
1945,employee1945,Address-1945,7445318034,INDIA,Lawyer
1946,employee1946,Address-1946,2094263426,INDIA,Developer
1947,employee1947,Address-1947,4658943954,INDIA,Tester
1948,employee1948,Address-1948,9850820359,INDIA,Doctor
1949,employee1949,Address-1949,7784797162,INDIA,Scientist
1950,employee1950,Address-1950,9831479876,INDIA,Teacher
1951,employee1951,Address-1951,4569014333,INDIA,Lawyer
1952,employee1952,Address-1952,3591810009,INDIA,Developer
1953,employee1953,Address-1953,4343400055,INDIA,Tester
1954,employee1954,Address-1954,9135158662,INDIA,Doctor
1955,employee1955,Address-1955,3009056409,INDIA,Scientist
1956,employee1956,Address-1956,5413653562,INDIA,Teacher
1957,employee1957,Address-1957,7818439856,INDIA,Lawyer
1958,employee1958,Address-1958,3575452028,INDIA,Developer
1959,employee1959,Address-1959,2242608375,INDIA,Tester
1960,employee1960,Address-1960,2109558256,INDIA,Doctor
1961,employee1961,Address-1961,1213287664,INDIA,Scientist
1962,employee1962,Address-1962,3602398982,INDIA,Teacher
1963,employee1963,Address-1963,8911090293,INDIA,Lawyer
1964,employee1964,Address-1964,4288543262,INDIA,Developer
1965,employee1965,Address-1965,5474113007,INDIA,Tester
1966,employee1966,Address-1966,4530166197,INDIA,Doctor
1967,employee1967,Address-1967,1760304511,INDIA,Scientist
1968,employee1968,Address-1968,8402812705,INDIA,Teacher
1969,employee1969,Address-1969,8206356709,INDIA,Lawyer
1970,employee1970,Address-1970,1516933433,INDIA,Developer
1971,employee1971,Address-1971,7479460070,INDIA,Tester
1972,employee1972,Address-1972,9268135372,INDIA,Doctor
1973,employee1973,Address-1973,6250729941,INDIA,Scientist
1974,employee1974,Address-1974,4534676650,INDIA,Teacher
1975,employee1975,Address-1975,8497416127,INDIA,Lawyer
1976,employee1976,Address-1976,6649382060,INDIA,Developer
1977,employee1977,Address-1977,5394437581,INDIA,Tester
1978,employee1978,Address-1978,2108438380,INDIA,Doctor
1979,employee1979,Address-1979,2597885105,INDIA,Scientist
1980,employee1980,Address-1980,9214524974,INDIA,Teacher
1981,employee1981,Address-1981,5832036264,INDIA,Lawyer
1982,employee1982,Address-1982,8600961825,INDIA,Developer
1983,employee1983,Address-1983,2270036457,INDIA,Tester
1984,employee1984,Address-1984,7103278478,INDIA,Doctor
1985,employee1985,Address-1985,6443744677,INDIA,Scientist
1986,employee1986,Address-1986,1568499355,INDIA,Teacher
1987,employee1987,Address-1987,4649297132,INDIA,Lawyer
1988,employee1988,Address-1988,5278258076,INDIA,Developer
1989,employee1989,Address-1989,2605345440,INDIA,Tester
1990,employee1990,Address-1990,6245044746,INDIA,Doctor
1991,employee1991,Address-1991,4188845731,INDIA,Scientist
1992,employee1992,Address-1992,9331299569,INDIA,Teacher
1993,employee1993,Address-1993,4721716885,INDIA,Lawyer
1994,employee1994,Address-1994,9369727432,INDIA,Developer
1995,employee1995,Address-1995,3242724100,INDIA,Tester
1996,employee1996,Address-1996,1860272033,INDIA,Doctor
1997,employee1997,Address-1997,4633375950,INDIA,Scientist
1998,employee1998,Address-1998,8883960234,INDIA,Teacher
1999,employee1999,Address-1999,2855636679,INDIA,Lawyer
2000,employee2000,Address-2000,7407889032,INDIA,Developer
2001,employee2001,Address-2001,9022691561,INDIA,Tester
2002,employee2002,Address-2002,9516356989,INDIA,Doctor
2003,employee2003,Address-2003,5944053408,INDIA,Scientist
2004,employee2004,Address-2004,4489820215,INDIA,Teacher
2005,employee2005,Address-2005,8036542569,INDIA,Lawyer
2006,employee2006,Address-2006,5618066098,INDIA,Developer
2007,employee2007,Address-2007,2720961239,INDIA,Tester
2008,employee2008,Address-2008,3483690977,INDIA,Doctor
2009,employee2009,Address-2009,8778168782,INDIA,Scientist
2010,employee2010,Address-2010,9971053656,INDIA,Teacher
2011,employee2011,Address-2011,7950203275,INDIA,Lawyer
2012,employee2012,Address-2012,3246168189,INDIA,Developer
2013,employee2013,Address-2013,1182948207,INDIA,Tester
2014,employee2014,Address-2014,9825954642,INDIA,Doctor
2015,employee2015,Address-2015,4519483458,INDIA,Scientist
2016,employee2016,Address-2016,3603845659,INDIA,Teacher
2017,employee2017,Address-2017,6260950961,INDIA,Lawyer
2018,employee2018,Address-2018,3390810802,INDIA,Developer
2019,employee2019,Address-2019,4520065182,INDIA,Tester
2020,employee2020,Address-2020,3868202681,INDIA,Doctor
2021,employee2021,Address-2021,3150154160,INDIA,Scientist
2022,employee2022,Address-2022,9570610338,INDIA,Teacher
2023,employee2023,Address-2023,9130219888,INDIA,Lawyer
2024,employee2024,Address-2024,2494475238,INDIA,Developer
2025,employee2025,Address-2025,5818006379,INDIA,Tester
2026,employee2026,Address-2026,2589783088,INDIA,Doctor
2027,employee2027,Address-2027,1176757509,INDIA,Scientist
2028,employee2028,Address-2028,9439834549,INDIA,Teacher
2029,employee2029,Address-2029,8661857649,INDIA,Lawyer
2030,employee2030,Address-2030,6017525327,INDIA,Developer
2031,employee2031,Address-2031,4550477410,INDIA,Tester
2032,employee2032,Address-2032,3420288866,INDIA,Doctor
2033,employee2033,Address-2033,4232920704,INDIA,Scientist
2034,employee2034,Address-2034,7701819390,INDIA,Teacher
2035,employee2035,Address-2035,3111372036,INDIA,Lawyer
2036,employee2036,Address-2036,1913265747,INDIA,Developer
2037,employee2037,Address-2037,4834698482,INDIA,Tester
2038,employee2038,Address-2038,8885921617,INDIA,Doctor
2039,employee2039,Address-2039,9645195221,INDIA,Scientist
2040,employee2040,Address-2040,6207861300,INDIA,Teacher
2041,employee2041,Address-2041,7668706530,INDIA,Lawyer
2042,employee2042,Address-2042,5079911317,INDIA,Developer
2043,employee2043,Address-2043,7388608968,INDIA,Tester
2044,employee2044,Address-2044,9598325896,INDIA,Doctor
2045,employee2045,Address-2045,5554122184,INDIA,Scientist
2046,employee2046,Address-2046,6893853735,INDIA,Teacher
2047,employee2047,Address-2047,1937505042,INDIA,Lawyer
2048,employee2048,Address-2048,7253917470,INDIA,Developer
2049,employee2049,Address-2049,8061890285,INDIA,Tester
2050,employee2050,Address-2050,1485146912,INDIA,Doctor
2051,employee2051,Address-2051,7222931131,INDIA,Scientist
2052,employee2052,Address-2052,5848177274,INDIA,Teacher
2053,employee2053,Address-2053,2925753635,INDIA,Lawyer
2054,employee2054,Address-2054,4368867432,INDIA,Developer
2055,employee2055,Address-2055,6070412928,INDIA,Tester
2056,employee2056,Address-2056,9003026343,INDIA,Doctor
2057,employee2057,Address-2057,5405884014,INDIA,Scientist
2058,employee2058,Address-2058,1743187273,INDIA,Teacher
2059,employee2059,Address-2059,1797615595,INDIA,Lawyer
2060,employee2060,Address-2060,5015389402,INDIA,Developer
2061,employee2061,Address-2061,8600905919,INDIA,Tester
2062,employee2062,Address-2062,8467936171,INDIA,Doctor
2063,employee2063,Address-2063,2187726295,INDIA,Scientist
2064,employee2064,Address-2064,1625585635,INDIA,Teacher
2065,employee2065,Address-2065,7537853460,INDIA,Lawyer
2066,employee2066,Address-2066,3398736157,INDIA,Developer
2067,employee2067,Address-2067,7333211504,INDIA,Tester
2068,employee2068,Address-2068,1171365110,INDIA,Doctor
2069,employee2069,Address-2069,5241748592,INDIA,Scientist
2070,employee2070,Address-2070,8177324364,INDIA,Teacher
2071,employee2071,Address-2071,3661768501,INDIA,Lawyer
2072,employee2072,Address-2072,8337883645,INDIA,Developer
2073,employee2073,Address-2073,1746967419,INDIA,Tester
2074,employee2074,Address-2074,7008223964,INDIA,Doctor
2075,employee2075,Address-2075,8405625789,INDIA,Scientist
2076,employee2076,Address-2076,7265938704,INDIA,Teacher
2077,employee2077,Address-2077,1508559025,INDIA,Lawyer
2078,employee2078,Address-2078,5287620346,INDIA,Developer
2079,employee2079,Address-2079,3503977956,INDIA,Tester
2080,employee2080,Address-2080,7001269987,INDIA,Doctor
2081,employee2081,Address-2081,8231971155,INDIA,Scientist
2082,employee2082,Address-2082,1055724851,INDIA,Teacher
2083,employee2083,Address-2083,1830355439,INDIA,Lawyer
2084,employee2084,Address-2084,6467501595,INDIA,Developer
2085,employee2085,Address-2085,9363157210,INDIA,Tester
2086,employee2086,Address-2086,1773470173,INDIA,Doctor
2087,employee2087,Address-2087,2083163093,INDIA,Scientist
2088,employee2088,Address-2088,8620610110,INDIA,Teacher
2089,employee2089,Address-2089,4398172329,INDIA,Lawyer
2090,employee2090,Address-2090,9096622809,INDIA,Developer
2091,employee2091,Address-2091,2971421799,INDIA,Tester
2092,employee2092,Address-2092,1405738641,INDIA,Doctor
2093,employee2093,Address-2093,1628283100,INDIA,Scientist
2094,employee2094,Address-2094,6125232019,INDIA,Teacher
2095,employee2095,Address-2095,2477235434,INDIA,Lawyer
2096,employee2096,Address-2096,9077684354,INDIA,Developer
2097,employee2097,Address-2097,6130312959,INDIA,Tester
2098,employee2098,Address-2098,2530408399,INDIA,Doctor
2099,employee2099,Address-2099,7673002499,INDIA,Scientist
2100,employee2100,Address-2100,3244444209,INDIA,Teacher
2101,employee2101,Address-2101,9297011041,INDIA,Lawyer
2102,employee2102,Address-2102,4382307713,INDIA,Developer
2103,employee2103,Address-2103,5847180000,INDIA,Tester
2104,employee2104,Address-2104,5632290466,INDIA,Doctor
2105,employee2105,Address-2105,8726254256,INDIA,Scientist
2106,employee2106,Address-2106,7263340283,INDIA,Teacher
2107,employee2107,Address-2107,4231751422,INDIA,Lawyer
2108,employee2108,Address-2108,4429835164,INDIA,Developer
2109,employee2109,Address-2109,1671631119,INDIA,Tester
2110,employee2110,Address-2110,3753550500,INDIA,Doctor
2111,employee2111,Address-2111,4157342552,INDIA,Scientist
2112,employee2112,Address-2112,2155624857,INDIA,Teacher
2113,employee2113,Address-2113,3657625615,INDIA,Lawyer
2114,employee2114,Address-2114,2729626432,INDIA,Developer
2115,employee2115,Address-2115,3097163993,INDIA,Tester
2116,employee2116,Address-2116,4048782698,INDIA,Doctor
2117,employee2117,Address-2117,2498781571,INDIA,Scientist
2118,employee2118,Address-2118,9025438272,INDIA,Teacher
2119,employee2119,Address-2119,4445046214,INDIA,Lawyer
2120,employee2120,Address-2120,5852626750,INDIA,Developer
2121,employee2121,Address-2121,3743956348,INDIA,Tester
2122,employee2122,Address-2122,4250339013,INDIA,Doctor
2123,employee2123,Address-2123,3667123482,INDIA,Scientist
2124,employee2124,Address-2124,3027797452,INDIA,Teacher
2125,employee2125,Address-2125,2481845159,INDIA,Lawyer
2126,employee2126,Address-2126,6321717573,INDIA,Developer
2127,employee2127,Address-2127,6885763666,INDIA,Tester
2128,employee2128,Address-2128,5371151265,INDIA,Doctor
2129,employee2129,Address-2129,1175175980,INDIA,Scientist
2130,employee2130,Address-2130,8119743835,INDIA,Teacher
2131,employee2131,Address-2131,5035055049,INDIA,Lawyer
2132,employee2132,Address-2132,3755020662,INDIA,Developer
2133,employee2133,Address-2133,4520432408,INDIA,Tester
2134,employee2134,Address-2134,7724592803,INDIA,Doctor
2135,employee2135,Address-2135,9222541745,INDIA,Scientist
2136,employee2136,Address-2136,1796566125,INDIA,Teacher
2137,employee2137,Address-2137,5033713246,INDIA,Lawyer
2138,employee2138,Address-2138,6026329860,INDIA,Developer
2139,employee2139,Address-2139,4897301489,INDIA,Tester
2140,employee2140,Address-2140,6056723892,INDIA,Doctor
2141,employee2141,Address-2141,8952994368,INDIA,Scientist
2142,employee2142,Address-2142,9544315422,INDIA,Teacher
2143,employee2143,Address-2143,4214320399,INDIA,Lawyer
2144,employee2144,Address-2144,6333634902,INDIA,Developer
2145,employee2145,Address-2145,3587337930,INDIA,Tester
2146,employee2146,Address-2146,5478512806,INDIA,Doctor
2147,employee2147,Address-2147,8159428853,INDIA,Scientist
2148,employee2148,Address-2148,7221625360,INDIA,Teacher
2149,employee2149,Address-2149,7366404722,INDIA,Lawyer
2150,employee2150,Address-2150,7026126355,INDIA,Developer
2151,employee2151,Address-2151,9364491766,INDIA,Tester
2152,employee2152,Address-2152,9278243115,INDIA,Doctor
2153,employee2153,Address-2153,3186291138,INDIA,Scientist
2154,employee2154,Address-2154,6295701253,INDIA,Teacher
2155,employee2155,Address-2155,6975528372,INDIA,Lawyer
2156,employee2156,Address-2156,9726989568,INDIA,Developer
2157,employee2157,Address-2157,9521572680,INDIA,Tester
2158,employee2158,Address-2158,9637373733,INDIA,Doctor
2159,employee2159,Address-2159,7275957772,INDIA,Scientist
2160,employee2160,Address-2160,2453123917,INDIA,Teacher
2161,employee2161,Address-2161,8455607636,INDIA,Lawyer
2162,employee2162,Address-2162,8400079229,INDIA,Developer
2163,employee2163,Address-2163,6114921046,INDIA,Tester
2164,employee2164,Address-2164,8730909201,INDIA,Doctor
2165,employee2165,Address-2165,4113703814,INDIA,Scientist
2166,employee2166,Address-2166,8085971755,INDIA,Teacher
2167,employee2167,Address-2167,3672506306,INDIA,Lawyer
2168,employee2168,Address-2168,7006436485,INDIA,Developer
2169,employee2169,Address-2169,9672019438,INDIA,Tester
2170,employee2170,Address-2170,4837523844,INDIA,Doctor
2171,employee2171,Address-2171,8201234177,INDIA,Scientist
2172,employee2172,Address-2172,8625436783,INDIA,Teacher
2173,employee2173,Address-2173,9653669338,INDIA,Lawyer
2174,employee2174,Address-2174,9229947435,INDIA,Developer
2175,employee2175,Address-2175,8877080627,INDIA,Tester
2176,employee2176,Address-2176,2335019110,INDIA,Doctor
2177,employee2177,Address-2177,4431169418,INDIA,Scientist
2178,employee2178,Address-2178,1563673057,INDIA,Teacher
2179,employee2179,Address-2179,4605452920,INDIA,Lawyer
2180,employee2180,Address-2180,7435949789,INDIA,Developer
2181,employee2181,Address-2181,3978283771,INDIA,Tester
2182,employee2182,Address-2182,4172940850,INDIA,Doctor
2183,employee2183,Address-2183,9240505660,INDIA,Scientist
2184,employee2184,Address-2184,6814132355,INDIA,Teacher
2185,employee2185,Address-2185,7904840364,INDIA,Lawyer
2186,employee2186,Address-2186,4989239623,INDIA,Developer
2187,employee2187,Address-2187,3147415570,INDIA,Tester
2188,employee2188,Address-2188,8745387748,INDIA,Doctor
2189,employee2189,Address-2189,7748139083,INDIA,Scientist
2190,employee2190,Address-2190,8048427266,INDIA,Teacher
2191,employee2191,Address-2191,9191396000,INDIA,Lawyer
2192,employee2192,Address-2192,4224381190,INDIA,Developer
2193,employee2193,Address-2193,7913549073,INDIA,Tester
2194,employee2194,Address-2194,1798331796,INDIA,Doctor
2195,employee2195,Address-2195,1977054765,INDIA,Scientist
2196,employee2196,Address-2196,9286676112,INDIA,Teacher
2197,employee2197,Address-2197,4189649108,INDIA,Lawyer
2198,employee2198,Address-2198,6894152793,INDIA,Developer
2199,employee2199,Address-2199,6760031135,INDIA,Tester
2200,employee2200,Address-2200,7460381841,INDIA,Doctor
2201,employee2201,Address-2201,2781295314,INDIA,Scientist
2202,employee2202,Address-2202,4394174469,INDIA,Teacher
2203,employee2203,Address-2203,3351564413,INDIA,Lawyer
2204,employee2204,Address-2204,7982098254,INDIA,Developer
2205,employee2205,Address-2205,8404815822,INDIA,Tester
2206,employee2206,Address-2206,4940312930,INDIA,Doctor
2207,employee2207,Address-2207,4832602885,INDIA,Scientist
2208,employee2208,Address-2208,3141076975,INDIA,Teacher
2209,employee2209,Address-2209,9729998869,INDIA,Lawyer
2210,employee2210,Address-2210,8732204654,INDIA,Developer
2211,employee2211,Address-2211,4233961474,INDIA,Tester
2212,employee2212,Address-2212,9636880054,INDIA,Doctor
2213,employee2213,Address-2213,7462363785,INDIA,Scientist
2214,employee2214,Address-2214,6956314647,INDIA,Teacher
2215,employee2215,Address-2215,1795180517,INDIA,Lawyer
2216,employee2216,Address-2216,2964379036,INDIA,Developer
2217,employee2217,Address-2217,3634545672,INDIA,Tester
2218,employee2218,Address-2218,6994578684,INDIA,Doctor
2219,employee2219,Address-2219,3153997798,INDIA,Scientist
2220,employee2220,Address-2220,2583619404,INDIA,Teacher
2221,employee2221,Address-2221,2220354187,INDIA,Lawyer
2222,employee2222,Address-2222,9418215034,INDIA,Developer
2223,employee2223,Address-2223,1887031918,INDIA,Tester
2224,employee2224,Address-2224,9778080447,INDIA,Doctor
2225,employee2225,Address-2225,4818474983,INDIA,Scientist
2226,employee2226,Address-2226,6242202070,INDIA,Teacher
2227,employee2227,Address-2227,7320085465,INDIA,Lawyer
2228,employee2228,Address-2228,6137150686,INDIA,Developer
2229,employee2229,Address-2229,9557183978,INDIA,Tester
2230,employee2230,Address-2230,9862156661,INDIA,Doctor
2231,employee2231,Address-2231,6017281802,INDIA,Scientist
2232,employee2232,Address-2232,9804798853,INDIA,Teacher
2233,employee2233,Address-2233,7440095702,INDIA,Lawyer
2234,employee2234,Address-2234,3659332755,INDIA,Developer
2235,employee2235,Address-2235,7104360622,INDIA,Tester
2236,employee2236,Address-2236,1855027403,INDIA,Doctor
2237,employee2237,Address-2237,3026087139,INDIA,Scientist
2238,employee2238,Address-2238,5407777162,INDIA,Teacher
2239,employee2239,Address-2239,9365418259,INDIA,Lawyer
2240,employee2240,Address-2240,6387848453,INDIA,Developer
2241,employee2241,Address-2241,3112326373,INDIA,Tester
2242,employee2242,Address-2242,5905750286,INDIA,Doctor
2243,employee2243,Address-2243,5142245345,INDIA,Scientist
2244,employee2244,Address-2244,5432444262,INDIA,Teacher
2245,employee2245,Address-2245,1269109143,INDIA,Lawyer
2246,employee2246,Address-2246,2737576808,INDIA,Developer
2247,employee2247,Address-2247,8694514696,INDIA,Tester
2248,employee2248,Address-2248,7104449069,INDIA,Doctor
2249,employee2249,Address-2249,3007712258,INDIA,Scientist
2250,employee2250,Address-2250,5797689704,INDIA,Teacher
2251,employee2251,Address-2251,4379250996,INDIA,Lawyer
2252,employee2252,Address-2252,7578798949,INDIA,Developer
2253,employee2253,Address-2253,4173062524,INDIA,Tester
2254,employee2254,Address-2254,6291274076,INDIA,Doctor
2255,employee2255,Address-2255,8982537497,INDIA,Scientist
2256,employee2256,Address-2256,4580691879,INDIA,Teacher
2257,employee2257,Address-2257,6101683560,INDIA,Lawyer
2258,employee2258,Address-2258,6827230037,INDIA,Developer
2259,employee2259,Address-2259,2307263804,INDIA,Tester
2260,employee2260,Address-2260,8231490631,INDIA,Doctor
2261,employee2261,Address-2261,2880411528,INDIA,Scientist
2262,employee2262,Address-2262,5678515968,INDIA,Teacher
2263,employee2263,Address-2263,8015587959,INDIA,Lawyer
2264,employee2264,Address-2264,1673573941,INDIA,Developer
2265,employee2265,Address-2265,6635280127,INDIA,Tester
2266,employee2266,Address-2266,2125917326,INDIA,Doctor
2267,employee2267,Address-2267,8564233554,INDIA,Scientist
2268,employee2268,Address-2268,3715218991,INDIA,Teacher
2269,employee2269,Address-2269,5225666366,INDIA,Lawyer
2270,employee2270,Address-2270,7905404078,INDIA,Developer
2271,employee2271,Address-2271,9604760674,INDIA,Tester
2272,employee2272,Address-2272,3581750624,INDIA,Doctor
2273,employee2273,Address-2273,5694895779,INDIA,Scientist
2274,employee2274,Address-2274,5754593790,INDIA,Teacher
2275,employee2275,Address-2275,1806221246,INDIA,Lawyer
2276,employee2276,Address-2276,6629772409,INDIA,Developer
2277,employee2277,Address-2277,1938073198,INDIA,Tester
2278,employee2278,Address-2278,6978716049,INDIA,Doctor
2279,employee2279,Address-2279,7835806001,INDIA,Scientist
2280,employee2280,Address-2280,7137234555,INDIA,Teacher
2281,employee2281,Address-2281,7467552168,INDIA,Lawyer
2282,employee2282,Address-2282,7794230814,INDIA,Developer
2283,employee2283,Address-2283,6406450652,INDIA,Tester
2284,employee2284,Address-2284,3658277425,INDIA,Doctor
2285,employee2285,Address-2285,1515304405,INDIA,Scientist
2286,employee2286,Address-2286,3885301403,INDIA,Teacher
2287,employee2287,Address-2287,7873051038,INDIA,Lawyer
2288,employee2288,Address-2288,4706737149,INDIA,Developer
2289,employee2289,Address-2289,8912211517,INDIA,Tester
2290,employee2290,Address-2290,6885854474,INDIA,Doctor
2291,employee2291,Address-2291,3349414015,INDIA,Scientist
2292,employee2292,Address-2292,5521551424,INDIA,Teacher
2293,employee2293,Address-2293,8191878491,INDIA,Lawyer
2294,employee2294,Address-2294,1096651821,INDIA,Developer
2295,employee2295,Address-2295,2754658920,INDIA,Tester
2296,employee2296,Address-2296,9589426252,INDIA,Doctor
2297,employee2297,Address-2297,2698538406,INDIA,Scientist
2298,employee2298,Address-2298,9191531336,INDIA,Teacher
2299,employee2299,Address-2299,7722569369,INDIA,Lawyer
2300,employee2300,Address-2300,2354805122,INDIA,Developer
2301,employee2301,Address-2301,3642930423,INDIA,Tester
2302,employee2302,Address-2302,1377666220,INDIA,Doctor
2303,employee2303,Address-2303,2280753686,INDIA,Scientist
2304,employee2304,Address-2304,6875730678,INDIA,Teacher
2305,employee2305,Address-2305,1126244912,INDIA,Lawyer
2306,employee2306,Address-2306,7116835383,INDIA,Developer
2307,employee2307,Address-2307,6975473774,INDIA,Tester
2308,employee2308,Address-2308,1659033884,INDIA,Doctor
2309,employee2309,Address-2309,9103499099,INDIA,Scientist
2310,employee2310,Address-2310,3806004420,INDIA,Teacher
2311,employee2311,Address-2311,1311221870,INDIA,Lawyer
2312,employee2312,Address-2312,5727987314,INDIA,Developer
2313,employee2313,Address-2313,6931619917,INDIA,Tester
2314,employee2314,Address-2314,3034596109,INDIA,Doctor
2315,employee2315,Address-2315,7427599531,INDIA,Scientist
2316,employee2316,Address-2316,8791901741,INDIA,Teacher
2317,employee2317,Address-2317,3382060669,INDIA,Lawyer
2318,employee2318,Address-2318,1972668310,INDIA,Developer
2319,employee2319,Address-2319,8254983968,INDIA,Tester
2320,employee2320,Address-2320,8092979201,INDIA,Doctor
2321,employee2321,Address-2321,5450394142,INDIA,Scientist
2322,employee2322,Address-2322,2965136254,INDIA,Teacher
2323,employee2323,Address-2323,3870342879,INDIA,Lawyer
2324,employee2324,Address-2324,6174402840,INDIA,Developer
2325,employee2325,Address-2325,2201279475,INDIA,Tester
2326,employee2326,Address-2326,7270549000,INDIA,Doctor
2327,employee2327,Address-2327,4443124180,INDIA,Scientist
2328,employee2328,Address-2328,6995334024,INDIA,Teacher
2329,employee2329,Address-2329,1071737811,INDIA,Lawyer
2330,employee2330,Address-2330,1227807751,INDIA,Developer
2331,employee2331,Address-2331,9322408078,INDIA,Tester
2332,employee2332,Address-2332,2434047167,INDIA,Doctor
2333,employee2333,Address-2333,7248608730,INDIA,Scientist
2334,employee2334,Address-2334,4080453521,INDIA,Teacher
2335,employee2335,Address-2335,2445403892,INDIA,Lawyer
2336,employee2336,Address-2336,8047170614,INDIA,Developer
2337,employee2337,Address-2337,3456495213,INDIA,Tester
2338,employee2338,Address-2338,1503127948,INDIA,Doctor
2339,employee2339,Address-2339,4055415134,INDIA,Scientist
2340,employee2340,Address-2340,7164856070,INDIA,Teacher
2341,employee2341,Address-2341,8622156469,INDIA,Lawyer
2342,employee2342,Address-2342,2808487559,INDIA,Developer
2343,employee2343,Address-2343,9755277429,INDIA,Tester
2344,employee2344,Address-2344,6843593792,INDIA,Doctor
2345,employee2345,Address-2345,2977937322,INDIA,Scientist
2346,employee2346,Address-2346,3132324317,INDIA,Teacher
2347,employee2347,Address-2347,7777174592,INDIA,Lawyer
2348,employee2348,Address-2348,4151538898,INDIA,Developer
2349,employee2349,Address-2349,2187880086,INDIA,Tester
2350,employee2350,Address-2350,4853952165,INDIA,Doctor
2351,employee2351,Address-2351,8892166406,INDIA,Scientist
2352,employee2352,Address-2352,4617917812,INDIA,Teacher
2353,employee2353,Address-2353,9821366165,INDIA,Lawyer
2354,employee2354,Address-2354,3517901031,INDIA,Developer
2355,employee2355,Address-2355,8336047691,INDIA,Tester
2356,employee2356,Address-2356,6200801743,INDIA,Doctor
2357,employee2357,Address-2357,3083791271,INDIA,Scientist
2358,employee2358,Address-2358,4084985529,INDIA,Teacher
2359,employee2359,Address-2359,8084575200,INDIA,Lawyer
2360,employee2360,Address-2360,5657850580,INDIA,Developer
2361,employee2361,Address-2361,5527355227,INDIA,Tester
2362,employee2362,Address-2362,4428150251,INDIA,Doctor
2363,employee2363,Address-2363,8087025256,INDIA,Scientist
2364,employee2364,Address-2364,7184328962,INDIA,Teacher
2365,employee2365,Address-2365,8322317616,INDIA,Lawyer
2366,employee2366,Address-2366,7745770274,INDIA,Developer
2367,employee2367,Address-2367,8511386630,INDIA,Tester
2368,employee2368,Address-2368,1324640925,INDIA,Doctor
2369,employee2369,Address-2369,4368014587,INDIA,Scientist
2370,employee2370,Address-2370,9095053878,INDIA,Teacher
2371,employee2371,Address-2371,5887672215,INDIA,Lawyer
2372,employee2372,Address-2372,2878876509,INDIA,Developer
2373,employee2373,Address-2373,3873242851,INDIA,Tester
2374,employee2374,Address-2374,7046347615,INDIA,Doctor
2375,employee2375,Address-2375,4378125798,INDIA,Scientist
2376,employee2376,Address-2376,9855213853,INDIA,Teacher
2377,employee2377,Address-2377,3791073251,INDIA,Lawyer
2378,employee2378,Address-2378,7453507025,INDIA,Developer
2379,employee2379,Address-2379,7851608478,INDIA,Tester
2380,employee2380,Address-2380,1827770606,INDIA,Doctor
2381,employee2381,Address-2381,6169723328,INDIA,Scientist
2382,employee2382,Address-2382,8196285191,INDIA,Teacher
2383,employee2383,Address-2383,4223981666,INDIA,Lawyer
2384,employee2384,Address-2384,5328953018,INDIA,Developer
2385,employee2385,Address-2385,8458524813,INDIA,Tester
2386,employee2386,Address-2386,2450789350,INDIA,Doctor
2387,employee2387,Address-2387,5926646990,INDIA,Scientist
2388,employee2388,Address-2388,8476256265,INDIA,Teacher
2389,employee2389,Address-2389,3204667644,INDIA,Lawyer
2390,employee2390,Address-2390,5308697052,INDIA,Developer
2391,employee2391,Address-2391,6950603363,INDIA,Tester
2392,employee2392,Address-2392,2351493115,INDIA,Doctor
2393,employee2393,Address-2393,2422780137,INDIA,Scientist
2394,employee2394,Address-2394,4489909934,INDIA,Teacher
2395,employee2395,Address-2395,6771255745,INDIA,Lawyer